<?xml version="1.0" encoding="UTF-8"?>
<java version="1.8.0_151" class="java.beans.XMLDecoder">
 <object class="org.eclipse.epp.internal.mpc.ui.catalog.MarketplaceInfo" id="MarketplaceInfo0">
  <void property="iuToNodeKey">
   <void method="put">
    <string>ch.sahits.codegen.sql</string>
    <object class="java.util.ArrayList">
     <void method="add">
      <string>http://marketplace.eclipse.org#811</string>
     </void>
    </object>
   </void>
   <void method="put">
    <string>com.mia.studio.scripts.ifml.ui.android</string>
    <object class="java.util.ArrayList">
     <void method="add">
      <string>http://marketplace.eclipse.org#2713811</string>
     </void>
    </object>
   </void>
   <void method="put">
    <string>net.sf.eclipsefp.haskell</string>
    <object class="java.util.ArrayList">
     <void method="add">
      <string>http://marketplace.eclipse.org#1379408</string>
     </void>
    </object>
   </void>
   <void method="put">
    <string>org.eclipse.pde</string>
    <object class="java.util.ArrayList">
     <void method="add">
      <string>http://marketplace.eclipse.org#2393593</string>
     </void>
    </object>
   </void>
   <void method="put">
    <string>commandkeybinding.xref.feature</string>
    <object class="java.util.ArrayList">
     <void method="add">
      <string>http://marketplace.eclipse.org#58853</string>
     </void>
    </object>
   </void>
   <void method="put">
    <string>com.mia.studio.ifml.android.sdk</string>
    <object class="java.util.ArrayList">
     <void method="add">
      <string>http://marketplace.eclipse.org#2713811</string>
     </void>
    </object>
   </void>
   <void method="put">
    <string>org.eclipse.contribution.weaving</string>
    <object class="java.util.ArrayList">
     <void method="add">
      <string>http://marketplace.eclipse.org#322004</string>
     </void>
    </object>
   </void>
   <void method="put">
    <string>com.vaadin.designer.eclipse</string>
    <object class="java.util.ArrayList">
     <void method="add">
      <string>http://marketplace.eclipse.org#1023</string>
     </void>
    </object>
   </void>
   <void method="put">
    <string>com.vaadin.designer2.eclipse</string>
    <object class="java.util.ArrayList">
     <void method="add">
      <string>http://marketplace.eclipse.org#1023</string>
     </void>
    </object>
   </void>
   <void method="put">
    <string>org.eclipse.sdk</string>
    <object class="java.util.ArrayList">
     <void method="add">
      <string>http://marketplace.eclipse.org#2393593</string>
     </void>
    </object>
   </void>
   <void method="put">
    <string>org.eclipse.jdt</string>
    <object class="java.util.ArrayList">
     <void method="add">
      <string>http://marketplace.eclipse.org#2393593</string>
     </void>
    </object>
   </void>
   <void method="put">
    <string>com.chookapp.org.OverviewRulerBackground</string>
    <object class="java.util.ArrayList">
     <void method="add">
      <string>http://marketplace.eclipse.org#99539</string>
     </void>
    </object>
   </void>
   <void method="put">
    <string>com.genuitec.eclipse.theming.designer.feature.feature.group</string>
    <object class="java.util.ArrayList">
     <void method="add">
      <string>http://marketplace.eclipse.org#3274405</string>
     </void>
    </object>
   </void>
   <void method="put">
    <string>org.eclipse.pde.source</string>
    <object class="java.util.ArrayList">
     <void method="add">
      <string>http://marketplace.eclipse.org#2393593</string>
     </void>
    </object>
   </void>
   <void method="put">
    <string>org.eclipse.ajdt</string>
    <object class="java.util.ArrayList">
     <void method="add">
      <string>http://marketplace.eclipse.org#322004</string>
     </void>
    </object>
   </void>
   <void method="put">
    <string>org.eclipse.dltk.sh</string>
    <object class="java.util.ArrayList">
     <void method="add">
      <string>http://marketplace.eclipse.org#3261650</string>
     </void>
    </object>
   </void>
   <void method="put">
    <string>com.nubean.xmlespresso</string>
    <object class="java.util.ArrayList">
     <void method="add">
      <string>http://marketplace.eclipse.org#181</string>
     </void>
    </object>
   </void>
   <void method="put">
    <string>org.ancit.coderaspide.feature</string>
    <object class="java.util.ArrayList">
     <void method="add">
      <string>http://marketplace.eclipse.org#2592808</string>
     </void>
    </object>
   </void>
   <void method="put">
    <string>org.eclipse.jdt.source</string>
    <object class="java.util.ArrayList">
     <void method="add">
      <string>http://marketplace.eclipse.org#2393593</string>
     </void>
    </object>
   </void>
   <void method="put">
    <string>org.eclipse.sdk.ide</string>
    <object class="java.util.ArrayList">
     <void method="add">
      <string>http://marketplace.eclipse.org#2393593</string>
     </void>
    </object>
   </void>
   <void method="put">
    <string>com.mia.studio.sample.ui.android</string>
    <object class="java.util.ArrayList">
     <void method="add">
      <string>http://marketplace.eclipse.org#2713811</string>
     </void>
    </object>
   </void>
   <void method="put">
    <string>org.eclipse.cvs</string>
    <object class="java.util.ArrayList">
     <void method="add">
      <string>http://marketplace.eclipse.org#2393593</string>
     </void>
    </object>
   </void>
   <void method="put">
    <string>JavaDocAsUmlViewerFeature</string>
    <object class="java.util.ArrayList">
     <void method="add">
      <string>http://marketplace.eclipse.org#41074</string>
     </void>
    </object>
   </void>
   <void method="put">
    <string>com.genuitec.eclipse.theming.feature.feature.group</string>
    <object class="java.util.ArrayList">
     <void method="add">
      <string>http://marketplace.eclipse.org#3274405</string>
     </void>
    </object>
   </void>
   <void method="put">
    <string>com.mia.studio.scripts.uml.android</string>
    <object class="java.util.ArrayList">
     <void method="add">
      <string>http://marketplace.eclipse.org#2713811</string>
     </void>
    </object>
   </void>
   <void method="put">
    <string>com.vaadin.integration.eclipse</string>
    <object class="java.util.ArrayList">
     <void method="add">
      <string>http://marketplace.eclipse.org#1023</string>
     </void>
    </object>
   </void>
  </void>
  <void property="nodeKeyToIU">
   <void method="put">
    <string>http://marketplace.eclipse.org#3274405</string>
    <object class="java.util.ArrayList">
     <void method="add">
      <string>com.genuitec.eclipse.theming.feature.feature.group</string>
     </void>
     <void method="add">
      <string>com.genuitec.eclipse.theming.designer.feature.feature.group</string>
     </void>
    </object>
   </void>
   <void method="put">
    <string>http://marketplace.eclipse.org#2713811</string>
    <object class="java.util.ArrayList">
     <void method="add">
      <string>com.mia.studio.scripts.uml.android</string>
     </void>
     <void method="add">
      <string>com.mia.studio.scripts.ifml.ui.android</string>
     </void>
     <void method="add">
      <string>com.mia.studio.sample.ui.android</string>
     </void>
     <void method="add">
      <string>com.mia.studio.ifml.android.sdk</string>
     </void>
    </object>
   </void>
   <void method="put">
    <string>http://marketplace.eclipse.org#41074</string>
    <object class="java.util.ArrayList">
     <void method="add">
      <string>JavaDocAsUmlViewerFeature</string>
     </void>
    </object>
   </void>
   <void method="put">
    <string>http://marketplace.eclipse.org#2393593</string>
    <object class="java.util.ArrayList">
     <void method="add">
      <string>org.eclipse.sdk</string>
     </void>
     <void method="add">
      <string>org.eclipse.jdt</string>
     </void>
     <void method="add">
      <string>org.eclipse.pde</string>
     </void>
     <void method="add">
      <string>org.eclipse.jdt.source</string>
     </void>
     <void method="add">
      <string>org.eclipse.sdk.ide</string>
     </void>
     <void method="add">
      <string>org.eclipse.pde.source</string>
     </void>
     <void method="add">
      <string>org.eclipse.cvs</string>
     </void>
    </object>
   </void>
   <void method="put">
    <string>http://marketplace.eclipse.org#3261650</string>
    <object class="java.util.ArrayList">
     <void method="add">
      <string>org.eclipse.dltk.sh</string>
     </void>
    </object>
   </void>
   <void method="put">
    <string>http://marketplace.eclipse.org#1379408</string>
    <object class="java.util.ArrayList">
     <void method="add">
      <string>net.sf.eclipsefp.haskell</string>
     </void>
    </object>
   </void>
   <void method="put">
    <string>http://marketplace.eclipse.org#811</string>
    <object class="java.util.ArrayList">
     <void method="add">
      <string>ch.sahits.codegen.sql</string>
     </void>
    </object>
   </void>
   <void method="put">
    <string>http://marketplace.eclipse.org#322004</string>
    <object class="java.util.ArrayList">
     <void method="add">
      <string>org.eclipse.ajdt</string>
     </void>
     <void method="add">
      <string>org.eclipse.contribution.weaving</string>
     </void>
    </object>
   </void>
   <void method="put">
    <string>http://marketplace.eclipse.org#2592808</string>
    <object class="java.util.ArrayList">
     <void method="add">
      <string>org.ancit.coderaspide.feature</string>
     </void>
    </object>
   </void>
   <void method="put">
    <string>http://marketplace.eclipse.org#58853</string>
    <object class="java.util.ArrayList">
     <void method="add">
      <string>commandkeybinding.xref.feature</string>
     </void>
    </object>
   </void>
   <void method="put">
    <string>http://marketplace.eclipse.org#99539</string>
    <object class="java.util.ArrayList">
     <void method="add">
      <string>com.chookapp.org.OverviewRulerBackground</string>
     </void>
    </object>
   </void>
   <void method="put">
    <string>http://marketplace.eclipse.org#1023</string>
    <object class="java.util.ArrayList">
     <void method="add">
      <string>com.vaadin.integration.eclipse</string>
     </void>
     <void method="add">
      <string>com.vaadin.designer2.eclipse</string>
     </void>
     <void method="add">
      <string>com.vaadin.designer.eclipse</string>
     </void>
    </object>
   </void>
   <void method="put">
    <string>http://marketplace.eclipse.org#181</string>
    <object class="java.util.ArrayList">
     <void method="add">
      <string>com.nubean.xmlespresso</string>
     </void>
    </object>
   </void>
  </void>
 </object>
</java>
